height, period, average_height, average_period, estimated_period, ex_size, mean_weight_vel, acc_std_dev
0.4, 3, 0.36424032478160556, 3.01925, 2.9877735849056597, 29, 0.05, 0.8516394862234772
0.6, 4, 0.5463636546401529, 3.9806666666666666, 3.9942051282051283, 39, 0.04, 0.6481817488947472
0.8, 4, 0.7486203606292402, 3.946111111111111, 3.9623, 39, 0.04, 0.8897908148409668
1.0, 5, 0.9706362122902228, 4.972285714285715, 5.004451612903226, 50, 0.03, 0.6817158107404127
1.2, 5, 1.1410678741154292, 5.019928571428572, 4.9368484848484835, 49, 0.03, 0.7794650971305196
1.4, 6, 1.3332537235689577, 6.0565454545454545, 6.101384615384616, 61, 0.03, 0.6208488706108897
1.6, 6, 1.5460265741152681, 6.066818181818181, 5.876592592592593, 58, 0.03, 0.7444137950910519
1.8, 7, 1.6279256683368728, 6.8198888888888884, 6.704434782608695, 67, 0.02, 0.7330351113943838
