height, period, average_height, average_period, estimated_period, ex_size, mean_weight_vel, acc_std_dev
0.4, 3, 0.36499200745737753, 3.0167500000000005, 2.9855094339622643, 29, 0.05, 0.8506660687438865
0.6, 4, 0.5483431251963398, 3.9817777777777783, 3.9839487179487176, 39, 0.04, 0.6528182195615487
0.8, 4, 0.7698604489952845, 3.9427777777777777, 3.9573, 39, 0.04, 0.8928557376870564
1.0, 5, 0.9607674826622701, 4.982285714285714, 5.009612903225807, 50, 0.03, 0.6616874048434784
1.2, 5, 1.1519730180942946, 5.029642857142858, 4.9861249999999995, 49, 0.03, 0.7758968661761769
1.4, 6, 1.3314863238500936, 6.045636363636365, 6.1029230769230765, 61, 0.03, 0.6173274777817577
1.6, 6, 1.5478665000067133, 6.066818181818181, 6.108769230769231, 61, 0.03, 0.7278809230062613
1.8, 7, 1.6819010079947556, 6.718500000000001, 6.952818181818182, 69, 0.02, 0.7612801899465877
